question,answer_expected
Quy định công tác khảo thí áp dụng cho những ai?,"Quy định này được áp dụng đối với các đơn vị, cá nhân có nhiệm vụ liên quan và học viên, sinh viên (HVSV) đang học tập tại Học viện, bao gồm Cơ sở chính của Học viện tại Hà Nội và Phân hiệu Học viện tại Thành phố Hồ Chính Minh."
Yêu cầu đối với công tác khảo thí gồm gì?,"Đảm bảo tính nghiêm túc trong quản lý công tác thi và đánh giá kết quả học tập theo đúng quy chế của Bộ Giáo dục và Đào tạo.
Đảm bảo tính độc lập giữa quá trình dạy, học và quá trình thi, kiểm tra. Đảm bảo các yêu cầu nghiêm túc, khách quan, công bằng trong việc đánh giá kết quả học tập của HVSV, góp phần nâng cao chất lượng đào tạo.
Tuân thủ quy định về bảo vệ bí mật nhà nước."
Đánh giá học phần gồm những thành phần nào?,"a)Việc đánh giá học phần được thực hiện thông qua một hoặc một số bài thi, kiểm tra thành phần, bao gồm: thi kết thúc học phần, thi giữa kỳ và các bài kiểm tra đánh giá thường xuyên. Cụ thể các bài thi, kiểm tra được xác định bởi đề cương chi tiết học phần. 
b)Mỗi bài thi, kiểm tra thành phần được thiết kế để đánh giá một hoặc một số chuẩn đầu ra học phần.
c)Học phần tốt nghiệp được đánh giá bởi 01 điểm thành phần, là điểm thi tốt nghiệp hoặc điểm bảo vệ đồ án tốt nghiệp."
Điều kiện dự thi kết thúc học phần?,"HVSV được phép dự thi kết thúc học phần khi đáp ứng đồng thời các điều
kiện sau
a) Đóng học phí, lệ phí đầy đủ.
b) Điểm quá trình đạt ngưỡng đảm bảo chất lượng theo quy định tại Điều 32.
c) Tham gia tối thiểu 75% số giờ học trên lớp theo thời khóa biểu, bao gồm
giờ học truyền thống và giờ học trực tuyến.
d) Chưa được công nhận thi đạt.
đ) Chưa sử dụng hết số lần dự thi."
Sinh viên được dự thi kết thúc học phần bao nhiêu lần?,"a) Với mỗi học phần, mỗi HVSV được phép dự thi kết thúc học phần tối đa
4
2 lần. Trong trường hợp HVSV có ý thức rèn luyện kém, đạt điểm rèn luyện từ
mức trung bình trở xuống, theo đề nghị của Đơn vị quản lý HVSV, Giám đốc Học
viện quyết định tước quyền dự thi lần 2 của HVSV.
b) HVSV đủ điều kiện tham dự kỳ thi nhưng vắng thi không có lý do chính
đáng (theo quy định tại khoản 3 Điều này), hoặc không được tham dự kỳ thi vì
không đáp ứng điều kiện quy định tại điểm a khoản 1 Điều này hoặc vì lý do đến
muộn thì coi như đã tham dự kỳ thi đó và phải nhận điểm 0.
c) HVSV tham dự kỳ thi chính có kết quả không đạt phải đóng lệ phí thi lại
và tham dự kỳ thi phụ ngay sau đó.
d) HVSV đủ điều kiện tham dự kỳ thi chính nhưng vắng thi có lý do chính
đáng (theo quy định tại khoản 3 Điều này) thì phải tham gia kỳ thi phụ ngay sau
đó, không cần đóng lệ phí thi lại, kết quả thi được tính là thi lần 1.
đ) HVSV đủ điều kiện tham dự kỳ thi phụ nhưng vắng thi có lý do chính đáng
(theo quy định tại khoản 3 Điều này), hoặc HVSV có kết quả không đạt ở kỳ thi
phụ nhưng chưa sử dụng hết 2 lượt thi thì có thể tham gia thi trả nợ trong các kỳ
thi được tổ chức cho các khóa học sau. Trong trường hợp này, HVSV cần làm
Đơn dự thi, nộp về cho Đơn vị quản lý HVSV chậm nhất 10 ngày làm việc trước
ngày thi.
e) HVSV bị xử lý kỷ luật ở mức ""Đình chỉ thi"" theo khoản 3 Điều 48 thì coi
như đã sử dụng hết tất cả các lượt thi."
Điều kiện và thủ tục hoãn thi?,"a) Điều kiện hoãn thi: HVSV được coi là hoãn thi có lý do chính đáng nếu
thuộc một trong các trường hợp
- Đang điều trị nội trú ở cơ sở y tế trong thời gian thi.
- Bị tai nạn vào ngày thi, trước thời gian thi.
- Có người thân qua đời trong vòng 3 ngày trước ngày thi.
- Các trường hợp khác do Học viện xem xét, quyết định.
b) Thủ tục hoãn thi: HVSV hoãn thi phải làm đơn hoãn thi nêu rõ lý do, kèm
theo hồ sơ có liên quan và nộp chậm nhất 03 ngày làm việc trước ngày thi; trường
hợp đặc biệt, chậm nhất 03 ngày làm việc sau ngày thi
- Đối với HVSV đại học: nộp về Đơn vị quản lý HVSV.
- Các đối tượng khác: nộp về Đơn vị Khảo thí.
c) Hết thời hạn tiếp nhận đơn hoãn thi, Đơn vị quản lý HVSV tổng hợp và
thông báo cho Đơn vị khảo thí danh sách HVSV hoãn thi có lý do chính đáng."
Mỗi học kỳ có bao nhiêu kỳ thi kết thúc học phần?,"Với mỗi học kỳ, ở mỗi trình độ đào tạo, Học viện tổ chức một kỳ thi chính và một kỳ thi phụ để thi kết thúc học phần."
Trách nhiệm chung của cán bộ coi thi là gì?,"a) Có mặt đúng thời gian, địa điểm quy định để nhận phân công nhiệm vụ
coi thi, nhận bàn giao tài liệu phòng thi.
b) Coi thi nghiêm túc, đúng quy định. Khi thí sinh hỏi điều gì, CBCT chỉ
được trả lời công khai trong phạm vi quy định. Trường hợp thí sinh vi phạm kỷ
luật thì xử lý hoặc đề nghị xử lý theo quy định.
c) Không hút thuốc, không sử dụng đồ uống có cồn, không sử dụng điện
thoại, không làm việc riêng trong thời gian làm nhiệm vụ coi thi. Có thái độ, tác
phong, lời nói phù hợp chuẩn mực sư phạm.
d) Sau khi kết thúc ca thi, bàn giao tài liệu phòng thi theo quy định."
Bộ đề thi kết thúc học phần được chuẩn bị như thế nào?,"1. Những học phần đã có ngân hàng câu hỏi thi và ma trận đề thi thì đề thi
được sinh từ ngân hàng câu hỏi thi theo ma trận đề thi. Trường hợp còn lại, khoa
phụ trách học phần có trách nhiệm biên soạn đề thi kết thúc học phần.
2. Số lượng đề thi trong bộ đề thi
a) Đối với hình thức thi tự luận, mỗi ca thi sử dụng một bộ đề thi khác nhau.
Mỗi bộ đề thi gồm
- 02 đề thi nếu phòng thi dưới 30 thí sinh;
- 03 đề thi nếu phòng thi có nhiều hơn 30 thí sinh.
b) Đối với hình thức thi trắc nghiệm: tối thiểu 04 mã đề, khác nhau về nội
dung hoặc trật tự các câu hỏi. Nếu số lượng thí sinh dự thi nhỏ hơn 4 thì chuẩn bị
số lượng mã đề thi bằng số lượng thí sinh.
c) Đối với hình thức thi vấn đáp, thực hành: tối thiểu 10 đề thi trên mỗi tín chỉ.
3. Trường hợp khoa biên soạn đề thi thì gửi bộ đề thi kèm theo đáp án (hoặc
hướng dẫn chấm) về Đơn vị khảo thí chậm nhất 07 ngày trước ngày thi."
Bao lâu thì sinh viên biết điểm đánh giá quá trình?,"Giảng viên phải thông báo kết quả đánh giá quá trình cho HVSV chậm nhất
vào buổi học cuối của học phần."
Thời gian công bố danh sách HVSV đủ điều kiện dự thi kết thúc học phần?,"Danh sách HVSV đủ điều kiện dự thi và danh sách phân chia ca thi, phòng thi được Đơn vị khảo thí tổng hợp và công bố chậm nhất 01 ngày làm việc trước ngày thi."
"Sau khi hết giờ làm bài thi, cán bộ coi thi có trách nhiệm gì?","Khi hết giờ làm bài, CBCT phải yêu cầu thí sinh ngừng làm bài và thu bài
của tất cả thí sinh, kể cả thí sinh đã bị thi hành kỷ luật. CBCT thứ hai duy trì trật
tự và kỷ luật phòng thi. CBCT thứ nhất vừa gọi tên từng thí sinh lên nộp bài, vừa
nhận bài thi của thí sinh. Khi CBCT nhận bài phải kiểm tra thông tin thí sinh được
điền đầy đủ trên tờ giấy thi, đếm đủ số tờ giấy thi của thí sinh đã nộp, yêu cầu thí
sinh tự ghi đúng số tờ và ký tên vào bản danh sách thí sinh dự thi. Các bài thi cần
được sắp xếp theo thứ tự tăng dần của số báo danh. Khi thu xong toàn bộ bài thi
mới cho phép các thí sinh rời phòng thi.
Ngay sau ca thi, các CBCT bàn giao cho cán bộ Đơn vị khảo thí: bản danh
sách thí sinh dự thi; bài thi của thí sinh sắp xếp theo thứ tự tăng dần của số báo
danh; đề thi (nếu có yêu cầu thu lại đề); các giấy cam đoan (nếu có); các biên bản
xử lý kỷ luật (nếu có); các biên bản bất thường (nếu có); giấy thi, giấy nháp và các
văn phòng phẩm còn dư."
Bài thi viết phải chấm như thế nào?,"1. Bài thi viết phải được làm phách trước khi bàn giao cho các CBChT.
2. Bài thi viết phải được chấm bởi 02 CBChT.
3. Việc chấm thi các bài thi viết được thực hiện tập trung tại phòng chấm thi.
4. Sau khi hoàn tất việc chấm thi, các CBChT phối hợp với cán bộ Đơn vị
khảo thí tiến hành nhập điểm và lập Biên bản chấm thi (nếu có).
5. Trong quá trình làm phách, chấm thi, nếu phát hiện các vi phạm chưa được
xử lý thì các cán bộ phát hiện vi phạm lập thành biên bản, bàn giao cho Đơn vị
khảo thí để xử lý theo quy định.
10
6. Việc làm phách phải được hoàn thành chậm nhất 04 ngày làm việc sau
ngày thi. Việc chấm thi, nhập điểm thi phải được hoàn thành chậm nhất 14 ngày
làm việc sau ngày thi.
Chấm kiểm tra bài thi viết
1. Chấm kiểm tra bài thi viết được thực hiện khi có yêu cầu của Đoàn Thanh
tra, Tổ Thanh tra hoặc Giám đốc Học viện.
2. Khi có yêu cầu chấm kiểm tra, Đơn vị khảo thí lập kế hoạch chấm kiểm tra
tối đa 10% số bài thi viết mỗi kỳ thi trình Giám đốc Học viện phê duyệt. Các cán
bộ đã tham gia chấm thi học phần nào thì không được tham gia chấm kiểm tra học
phần đó.
3. Việc lựa chọn bài thi để chấm kiểm tra được thực hiện ngẫu nhiên.
4. Việc chấm kiểm tra do 01 CBChT thực hiện. Nếu phát hiện có dấu hiệu vi
phạm thì báo cáo Tổ trưởng Tổ chấm kiểm tra để thảo luận, xác nhận sự vi phạm.
5. Sau khi hoàn thành việc chấm kiểm tra, kết quả và kiến nghị biện pháp xử
lý các trường hợp vi phạm được phát hiện phải được báo ngay cho Giám đốc Học viện."
Thi trắc nghiệm trên máy có hiển thị điểm ngay không?,"Đối với bài thi trắc nghiệm trên máy: Bài thi được chấm tự động và điểm thi được hiển thị cho thí sinh ngay khi kết thúc bài thi.
Đối với bài thi hỗn hợp trắc nghiệm và tự luận trên máy: Kết quả phần thi trắc nghiệm được chấm tự động và hiển thị cho thí sinh ngay khi kết thúc bài 
thi."
Điểm thi tốt nghiệp bao nhiêu thì đạt?,"Điểm thi tốt nghiệp được coi là đạt nếu lớn hơn hoặc bằng 5,0 theo thang
điểm 10 (không bao gồm điểm thưởng, điểm khuyến khích nếu có)."
Khi trượt thi tốt nghiệp 2 lượt thì sao?,"HVSV có kết quả không đạt một số môn tốt nghiệp sau hai lượt thi sẽ phải
học lại các học phần bổ sung tương ứng và thi lại ở kỳ thi kế tiếp, phải đóng học
phí theo quy định."
Điều kiện để luận văn thạc sĩ đạt?,"Kết quả thực hiện luận văn, đề án tốt nghiệp thạc sĩ được coi là đạt nếu
điểm trung bình lớn hơn hoặc bằng 5,5, trong đó không có điểm thành phần nào
dưới 5,0 theo thang điểm 10 (không bao gồm điểm thưởng, điểm khuyến khích
nếu có)."
"Những trường hợp nào chấm đồ án, đề án, luận văn tốt nghiệp trực tuyến","Trong trường hợp thiên tai, dịch bệnh hoặc các trường hợp bất khả kháng
khác, Giám đốc Học viện có thể quyết định tổ chức chấm đồ án, đề án, luận văn
tốt nghiệp trực tuyến."
Sinh viên đạt giải nghiên cứu khoa học có được cộng điểm vào đồ án tốt nghiệp không?,"1. Cộng tối đa 2 điểm vào kết quả mỗi môn thi tốt nghiệp, làm đồ án tốt
được triệu tập tham gia huấn luyện để chọn đại diện hoặc đội tuyển của Học viện
tham dự cuộc thi cấp quốc gia trở lên về lĩnh vực phù hợp với chuyên ngành đào
tạo và đạt từ giải Ba cấp quốc gia trở lên.
15
2. Cộng điểm vào kết quả thi tốt nghiệp, làm đồ án tốt nghiệp đối với HVSV
có các công trình nghiên cứu khoa học, công nghệ phù hợp với chuyên ngành đào tạo
a) Cộng tối đa 2 điểm nếu công trình được công bố trên các tạp chí thuộc các
Danh mục tạp chí có uy tín do Quỹ Phát triển khoa học và công nghệ Quốc gia
(NAFOSTED) ban hành; cộng tối đa 1 điểm nếu công trình được công bố trên các
ấn phẩm khoa học có phản biện khác.
b) Cộng tối đa 2 điểm nếu sản phẩm nghiên cứu đạt giải trong cuộc thi cấp
quốc gia trở lên.
c) Cộng tối đa 1 điểm nếu sản phẩm nghiên cứu đạt Giải Ba trở lên trong
cuộc thi cấp Học viện.
3. Điểm số được quy định tại các khoản 1 và 2 Điều này tính theo thang điểm
10; mức ưu tiên cụ thể do hội đồng chấm đồ án tốt nghiệp, hội đồng chấm thi tốt
nghiệp quyết định."
Mức xử lý “khiển trách” trừ bao nhiêu điểm?,"Mức xử lý ""khiển trách"" trừ 25% số điểm bài thi."
Những hành vi nào bị đình chỉ thi?,"Đình chỉ thi: thí sinh bị đình chỉ thi đối với bài thi nào thì bài thi đó bị cho
điểm 0. Áp dụng đối với thí sinh phạm một trong các lỗi sau đây:
a) Đã bị cảnh cáo nhưng vẫn tiếp tục phạm lỗi ở mức khiển trách hoặc cảnh cáo.
b) Mang vào phòng thi các tài liệu, phương tiện kỹ thuật thu, phát, truyền tải,
ghi âm, ghi hình, thiết bị chứa thông tin có thể lợi dụng để làm bài thi; vũ khí, chất
gây nổ, gây cháy, các vật dụng nguy hại khác.
c) Đưa đề thi ra ngoài hoặc nhận bài giải từ ngoài vào phòng thi.
d) Sử dụng đồ uống có cồn, có hành động gây gỗ, đe dọa các cán bộ có trách
nhiệm trong phòng thi hoặc thí sinh khác.
đ) Viết, vẽ những nội dung không liên quan đên bài thi trên giấy thi.
e) Sử dụng những phần mềm, trang thiết bị không được phép hoặc thực hiện
các hành vi tấn công, hành vi khác gây cản trở hoạt động của hệ thống thi khi làm
bài thi trên máy.
g) Rời khỏi vị trí làm bài ra ngoài tầm quan sát của CBCT, CBCT-ChT trong
ca thi trực tuyến."
Hành vi nào có thể bị buộc thôi học?,"Đình chỉ học tập hoặc buộc thôi học đối với những thí sinh có vi phạm
sau: thi hộ và nhờ thi hộ dưới mọi hình thức; tổ chức lấy đề thi và đưa bài giải vào
cho thí sinh trong phòng thi; gây rối làm mất trật tự trong phòng thi."
Mức “cảnh cáo” trừ bao nhiêu điểm?,"Mức xử lý ""cảnh cáo"" trừ 50% số điểm bài thi."
Thư viện có trách nhiệm lưu trữ gì?,Thư viện có trách nhiệm lưu trữ đồ án và luận văn tốt nghiệp.
Đơn vị khảo thí chịu trách nhiệm gì?,"a) Chủ trì tổ chức thi kết thúc học phần.
b) Chủ trì tổ chức xây dựng, trình Giám đốc Học viện ban hành các biểu mẫu,
quy trình nghiệp vụ khảo thí."
Minh chứng đóng vai trò gì trong kiểm định?,"Minh chứng là yếu tố quan trọng hàng đầu phục vụ cho việc đánh giá, 
kiểm định chất lượng giáo dục."
Minh chứng phải thể hiện điều gì?,"Minh chứng không chỉ thể hiện kết quả hoạt động mà còn phải thể hiện 
được cả quá trình hoạt động."
Thời hạn lưu giữ minh chứng là bao lâu?,"Thời hạn lưu 
giữ minh chứng tối thiểu 5 năm (một chu kỳ kiểm định chất lượng) kể từ thời 
điểm phát sinh minh chứng."
Tổ chức cần làm gì để lưu giữ minh chứng hiệu quả?,"Phân công rõ trách nhiệm lưu giữ minh chứng, bao gồm minh chứng 
dạng văn bản giấy và minh chứng dạng văn bản số.
Đảm bảo phương tiện (túi/cặp tài liệu, phương tiện lưu trữ điện tử...) 
để lưu giữ minh chứng.
Khi tổ chức thực hiện nhiệm vụ:
- Phân công ghi và lưu biên bản các cuộc họp;
- Xin ý kiến, lưu giữ văn bản góp ý, văn bản giải trình đối với các góp ý;
- Lấy ý kiến phản hồi của các bên liên quan sau khi kết thúc nhiệm vụ;
- Đăng bài viết lên website của Học viện, trang mạng xã hội... (và có lưu 
lại địa chỉ truy cập để làm minh chứng);
- Báo cáo tổng kết, rút kinh nghiệm."
Nguyên tắc khi lấy ý kiến phản hồi?,"Xác định rõ mục đích, đối tượng, nội dung lấy ý kiến.
Đảm bảo khách quan, chính xác.
Xác định rõ việc ẩn danh hay ghi danh."
Loại minh chứng chung nào tất cả tổ chức phải có?,"- Nghị quyết, kế hoạch công tác năm, tháng;
- Biên bản, hình ảnh cuộc họp/hội nghị về việc quán triệt nghị quyết, kế 
hoạch của cấp trên và xây dựng nghị quyết, kế hoạch cấp mình."
Minh chứng về tổ chức tập huấn bao gồm?,"- Kế hoạch tập huấn nghiệp vụ cho cán bộ, giảng viên trong lĩnh vực khảo 
thí và đảm bảo chất lượng đào tạo;
- Danh sách cán bộ, giảng viên tham gia tập huấn;
- Hợp đồng thuê khoán chuyên môn (nếu có);
- Hình ảnh, video, bài viết trên website về hoạt động tập huấn;
- Mẫu phiếu lấy ý kiến và kết quả lấy ý kiến phản hồi của các bên liên quan 
sau tập huấn;
- Báo cáo kết quả, rút kinh nghiệm sau tập huấn."
Khi xây dựng ngân hàng câu hỏi thi cần minh chứng gì?,"- Kế hoạch xây dựng, cập nhật ngân hàng câu hỏi thi;
- Đăng ký nhiệm vụ xây dựng, cập nhật ngân hàng câu hỏi thi của các đơn 
vị đào tạo;
- Quyết định giao nhiệm vụ xây dựng, cập nhật; giao nhiệm vụ thẩm định; 
giao nhiệm vụ nghiệm thu các ngân hàng câu hỏi thi.
- Biên bản thẩm định, biên bản nghiệm thu các ngân hàng câu hỏi thi;
- Báo cáo kết quả, rút kinh nghiệm về xây dựng ngân hàng câu hỏi thi."
Minh chứng về tuyển sinh bao gồm?,"- Hồ sơ tuyển sinh hàng năm:
+ Báo cáo xin chủ trương của Đảng ủy về chỉ tiêu tuyển sinh;
+ Kế hoạch/đề án tuyển sinh;
+ Quyết định thành lập hội đồng tuyển sinh; phân công trách nhiệm thành 
viên hội đồng tuyển sinh;
+ Chương trình, biên bản các buổi làm việc của hội đồng tuyển sinh, đặc 
biệt là buổi họp xác định hình thức thi/xét tuyển cho từng CTĐT, buổi 
họp tổng kết công tác tuyển sinh và nhập học;
+ Kết quả tuyển sinh.
- Bộ hồ sơ liên quan việc quảng bá tuyển sinh:
+ Tài liệu thể hiện các kênh quảng bá tuyển sinh;
+ Kết quả khảo sát, đánh giá hiệu quả của các kênh tuyển sinh
- Hồ sơ theo dõi các nhóm đối tượng tuyển sinh;
+ Thống kê số lượng trúng tuyển theo nhóm đối tượng tuyển sinh;
+ Thống kê kết quả học tập hàng kỳ, hàng năm theo các nhóm đối tượng 
tuyển sinh;
+ Báo cáo đánh giá hiệu quả việc xác định các nhóm đối tượng tuyển sinh 
và phương án cải tiến.
- Báo cáo kết quả lấy ý kiến phản hồi các bên liên quan về công tác tuyển 
sinh, nhập học, sinh hoạt đầu khóa."
Biện pháp phòng chống gian lận mới được áp dụng từ ngày nào?,Biện pháp phòng chống gian lận mới (nghiêm cấm mang đồng hồ thông minh vào phòng thi) được áp dụng kể từ ngày 25/04/2024
Loại thiết bị nào bị cấm mang vào phòng thi?,"Tất cả các loại đồng hồ thông minh đều bị nghiêm cấm mang vào phòng thi kể từ ngày 25/04/2024. Tiêu chí xác định ""đồng hồ thông minh"" dựa trên thông tin của nhà sản xuất."
Thí sinh mang đồng hồ thông minh vào phòng thi sẽ bị xử lý như thế nào?,"Thí sinh mang đồng hồ thông minh vào phòng thi sẽ bị đình chỉ thi. Việc 
này được áp dụng từ ngày 25/04/2024 cho mọi kỳ thi do Học viện Kỹ thuật Mật Mã tổ chức."
Học viện kỹ thuật mật mã gồm mấy cơ sở giáo dục?,Học viện Kỹ thuật mật mã bao gồm 2 cơ sở giáo dục tại Hà Nội và Phân hiệu tại thành phố Hồ Chí Minh.
Chất lượng giáo dục là gì?,"Chất lượng giáo dục: là sự đáp ứng các mục tiêu do CSGD đề ra, đảm 
bảo các yêu cầu về mục tiêu giáo dục của Luật giáo dục đại học, phù hợp với yêu 
cầu đào tạo nguồn nhân lực chất lượng cao cho Ngành Cơ yếu và cho xã hội."
Hệ thống ĐBCLGD tại Học viện Kỹ thuật mật mã gồm mấy cấp?,Hệ thống ĐBCLGD tại Học viện Kỹ thuật mật mã gồm 2 cấp: cấp Học viện và cấp đơn vị
Cơ cấu tổ chức của Hội đồng ĐBCLGD Học viện?,"Hội đồng ĐBCLGD của Học viện gồm Ban Giám đốc Học viện, đại diện 
các đơn vị thuộc Học viện và các thành viên khác. Trong đó, Giám đốc Học viện 
là Chủ tịch Hội đồng, các Phó Giám đốc Học viện là các Phó Chủ tịch Hội đồng, 
Trưởng phòng KT&ĐBCLĐT là Ủy viên thường trực Hội đồng.
Giám đốc Học viện quyết định thành lập, giải thể Hội đồng, bổ nhiệm, 
miễn nhiệm các thành viên Hội đồng."
Nguyên tắc làm việc của Hội đồng ĐBCLGD?,"a) Hội đồng họp tối thiểu mỗi năm 1 lần. Cuộc họp Hội đồng được tiến 
hành khi có tối thiểu 2/3 số thành viên Hội đồng tham dự.
b) Hội đồng làm việc theo nguyên tắc dân chủ. Các kết luận của Hội đồng 
được biểu quyết bằng hình thức giơ tay hoặc bỏ phiếu kín, tùy theo quyết định 
của người chủ trì cuộc họp. Kết luận của Hội đồng được thông qua khi có quá 
50% số thành viên tham dự họp đồng ý."
"Việc xây dựng, rà soát, điều chỉnh CTĐT phải đảm bảo tính gì và có sự đóng góp của ai?","Việc xây dựng, rà soát, điều chỉnh chương trình đào tạo phải đảm bảo tính phù hợp và được cải tiến.
Việc xây dựng, điều chỉnh chương trình đào tạo và các học phần có sự đóng góp và phản hồi của các bên liên quan."
Các hoạt động đánh giá người học phải được thiết kế để phù hợp với mục đích gì?,"Các hoạt động đánh giá người học được thiết kế phù hợp với việc đánh 
giá mức độ người học đạt được các chuẩn đầu ra."
Các đơn vị xây dựng và triển khai kế hoạch ĐBCLGD của đơn vị mình trên cơ sở nào?,"Xây dựng và triển khai thực hiện kế hoạch ĐBCLGD của đơn vị trên cơ 
sở kế hoạch ĐBCLGD của Học viện."
"Khi có vướng mắc trong quá trình thực hiện Quy định, các đơn vị báo cáo ai để xem xét điều chỉnh?","Trong quá trình thực hiện Quy định, nếu có vướng mắc, các đơn vị báo cáo Ban Giám đốc (thông qua Phòng KT&ĐBCLĐT) xem xét điều chỉnh."
Sinh viên nước ngoài có phải thi tiếng anh đầu ra không?,"Không, quy định này không áp dụng cho học viên, sinh viên là người nước ngoài đang học tập tại Học viện Kỹ thuật mật mã. Do đó, sinh viên nước ngoài không thuộc đối tượng phải thi tiếng Anh đầu ra theo quy định này."
Chuẩn tiếng Anh theo từng trình độ được hiểu là gì?,"Chuẩn tiếng Anh theo từng trình độ (kết thúc mỗi học phần trong chương 
trình đào tạo): năng lực tiếng Anh tối thiểu mà người học đã có và đã hoàn thành 
thi kết thúc học phần (tiếng Anh) trong chương trình đào tạo."
"Chuẩn TOEIC tối thiểu để hoàn thành học phần Tiếng Anh 1, Tiếng Anh 2, và Tiếng Anh 3 là bao nhiêu điểm?","Chuẩn TOEIC tối thiểu để hoàn thành các học phần Tiếng Anh 1, Tiếng Anh 2 và Tiếng Anh 3 như sau:
Tiếng Anh 1: 300 điểm
Tiếng Anh 2: 350 điểm
Tiếng Anh 3: 450 điểm"
Yêu cầu điểm TOEIC tối thiểu trước khi nhận đề tài đồ án/khóa luận tốt nghiệp là bao nhiêu?,Điểm TOEIC tối thiểu yêu cầu trước khi nhận đề tài đồ án/khóa luận tốt nghiệp là 450.
Chuẩn tiếng Anh đầu ra tối thiểu là bao nhiêu điểm TOEIC?,"Chuẩn tiếng Anh đầu ra tối thiểu phụ thuộc vào khóa tuyển sinh:
Đối với các khóa tuyển sinh từ năm 2025: Chuẩn tiếng Anh đầu ra là 500 điểm TOEIC.
Đối với các khóa tuyển sinh từ năm 2024 trở về trước: Chuẩn tiếng Anh đầu ra tối thiểu là 450 điểm TOEIC."
Các chứng chỉ tiếng Anh quốc tế nào được coi là hợp lệ (tổ chức cấp)?,"Chứng chỉ tiếng Anh quốc tế được coi là hợp lệ nếu được cấp bởi một 
trong các trung tâm đại diện cho các tổ chức: ETS (đối với TOEIC và TOEFL), 
British Council, IDP (đối với IELTS), và Cambridge English. Các trường hợp 
khác theo quy định hiện hành của Bộ Giáo dục và Đào tạo."
Chứng chỉ VSTEP có được công nhận để xét tiếng anh đầu ra không?,"Chứng chỉ tiếng Anh theo khung năng lực ngoại ngữ 6 bậc dành cho 
người Việt Nam (VSTEP) được Học viện công nhận nếu được cấp bởi một trong 
những cơ sở đào tạo nằm trong danh mục được Bộ GDĐT cấp phép.
Học viên, sinh viên có chứng chỉ tiếng Anh quốc gia, quốc tế còn hiệu lực 
tại thời điểm xử lý học tập tại học kỳ cuối cùng và đạt điểm quy đổi từ TOEIC 
500 trở lên được xét công nhận đạt chuẩn tiếng Anh theo trình độ hoặc chuẩn tiếng Anh đầu ra."
Sinh viên được miễn học phần tiếng anh có phải đóng học phí học phần đó không?,"Người học được miễn học học phần tiếng Anh nào sẽ không phải đóng 
học phí các học phần đã được miễn."
Quy trình xét miễn học và chuyển điểm quy đổi các học phần tiếng Anh bao gồm những bước nào?,"Quy trình xét miễn học và chuyển điểm quy đổi các học phần tiếng Anh được tiến hành theo trình tự như sau:
a) Học viện nhận đơn xét miễn học và chuyển điểm quy đổi các học phần 
tiếng Anh một lần vào tuần lễ trước khi đăng kí học của mỗi học kỳ và sẽ không 
giải quyết đơn gửi sau thời hạn nêu trên trong suốt khoá học của người học;
b) Người học phải có đơn đề nghị miễn học và chuyển điểm quy đổi học 
phần tiếng Anh, ghi rõ nguyện vọng và nộp đơn kèm bản minh chứng trình độ 
tiếng Anh. 
c) Phòng đào tạo tổng hợp đơn và minh chứng của người học, lập thành 
danh sách được xét miễn học;
d) Phòng Đào tạo căn cứ vào đơn đề nghị của HVSV và Bảng quy đổi (Bảng 
3.) để lập danh sách HVSV đủ điều kiện miễn học và chuyển điểm quy đổi tương 
đương cho học phần tiếng Anh được miễn, đổi. Điểm sau khi được quy đổi sẽ gửi 
về phòng Khảo thí và Đảm bảo chất lượng đào tạo để cập nhật lên hệ thống Quản 
lý điểm cho người học;
đ) HVSV phải tham khảo bảng quy đổi điểm để quyết định học phần nào 
muốn đề nghị miễn học và đổi điểm. Sau khi đã hoàn tất các thủ tục xét miễn học 
và đổi điểm, Học viện sẽ không nhận đơn xin đăng ký học lại các học phần tiếng Anh để cải thiện điểm. HVSV lưu ý theo dõi bảng điểm học kỳ của mình để đảm 
bảo điểm đã được cập nhật chính xác"
"Hình thức đào tạo ""vừa làm vừa học"" chỉ được áp dụng cho chương trình đào tạo thạc sĩ theo định hướng nào?","Hình thức đào tạo ""vừa làm vừa học"" chỉ được áp dụng cho chương trình định hướng ứng dụng. "
Quy định về thời gian đào tạo theo kế hoạch chuẩn toàn khóa của hình thức vừa làm vừa học so với hình thức chính quy phải thỏa mãn điều kiện gì về tỷ lệ tối thiểu?,Thời gian theo kế hoạch học tập chuẩn toàn khóa đối với hình thức đào tạo vừa làm vừa học phải dài hơn ít nhất 20% so với hình thức đào tạo chính quy của cùng chương trình đào tạo. 
Số tín chỉ tối đa mà học viên có thể được công nhận và chuyển đổi khi đã học một chương trình thạc sĩ khác là bao nhiêu tín chỉ?,Số tín chỉ được công nhận và chuyển đổi không vượt quá 30 tín chỉ. 
"Để được học trước một số học phần thạc sĩ, sinh viên đại học cần có học lực xếp loại tối thiểu là gì? Và số tín chỉ được công nhận tối đa trong trường hợp này là bao nhiêu?",Sinh viên cần có học lực tính theo điểm trung bình tích lũy xếp loại khá trở lên. Số tín chỉ được công nhận không vượt quá 15 tín chỉ. 
"Học phần được xét công nhận và chuyển đổi tín chỉ phải có điểm đánh giá đạt từ mức nào trở lên, và thời điểm hoàn thành không quá bao nhiêu năm tính tới thời điểm xét?","Học phần phải có điểm đánh giá đạt từ điểm C (hoặc quy đổi tương đương) trở lên , và thời điểm hoàn thành không quá 05 năm tính tới thời điểm xét công nhận, chuyển đổi. "
Quy chế tuyển sinh và đào tạo trình độ thạc sĩ không áp dụng cho loại chương trình đào tạo thạc sĩ nào?,"Quy chế này không áp dụng đối với việc tuyển sinh, tổ chức đào tạo những chương trình đào tạo thạc sĩ do cơ sở giáo dục nước ngoài cấp bằng  (bao gồm cả các chương trình liên kết đào tạo với nước ngoài)"
Chương trình đào tạo thạc sĩ phải được xây dựng theo những định hướng nào và phải đáp ứng yêu cầu của văn bản pháp lý quốc gia nào?,"Chương trình đào tạo phải được xây dựng theo định hướng nghiên cứu hoặc định hướng ứng dụng , và phải đáp ứng yêu cầu của Khung trình độ quốc gia Việt Nam."
"Theo Khoản 2 Điều 2, chương trình đào tạo thạc sĩ có được cấp thêm văn bằng giáo dục đại học khác không, và theo Khoản 4 Điều 2, yêu cầu ngoại ngữ đầu vào và đầu ra đối với mỗi người học phải như thế nào?",Chương trình đào tạo không cấp thêm một văn bằng giáo dục đại học khác. Yêu cầu ngoại ngữ đầu vào và ngoại ngữ đầu ra đối với mỗi người học phải cùng một ngôn ngữ
Số tín chỉ tối đa mà người học được công nhận và chuyển đổi khi đã học một chương trình thạc sĩ khác hoặc đã tốt nghiệp chương trình chuyên sâu đặc thù là bao nhiêu tín chỉ?,Số tín chỉ được công nhận và chuyển đổi không vượt quá 30 tín chỉ.
"Để được đăng ký học trước một số học phần thạc sĩ, sinh viên đang học chương trình đại học cần có học lực tính theo điểm trung bình tích lũy xếp loại tối thiểu là gì, và số tín chỉ được công nhận tối đa trong trường hợp này là bao nhiêu?",Sinh viên cần có học lực tính theo điểm trung bình tích lũy xếp loại khá trở lên. Số tín chỉ được công nhận không vượt quá 15 tín chỉ.
Một học phần được xét công nhận và chuyển đổi tín chỉ phải có điểm đánh giá đạt từ mức nào trở lên?,Điểm đánh giá đạt từ điểm C (hoặc quy đổi tương đương) trở lên.
Thời điểm hoàn thành học phần được xét công nhận và chuyển đổi tín chỉ phải không quá bao nhiêu năm tính tới thời điểm xét công nhận?,"Thời điểm hoàn thành không quá 05 năm tính tới thời điểm xét công nhận, chuyển đổi."
"Đối với chương trình định hướng nghiên cứu, ứng viên Dự tuyển Thạc sĩ cần đáp ứng yêu cầu tối thiểu nào về hạng tốt nghiệp hoặc công bố khoa học?","Ứng viên phải có hạng tốt nghiệp từ khá trở lên hoặc có công bố khoa học liên quan đến lĩnh vực sẽ học tập, nghiên cứu."
"Yêu cầu về năng lực ngoại ngữ tối thiểu đối với người dự tuyển là gì, và theo Khung năng lực ngoại ngữ nào?",Ứng viên phải có năng lực ngoại ngữ từ Bậc 3 trở lên theo Khung năng lực ngoại ngữ 6 bậc dùng cho Việt Nam.
"Công dân nước ngoài đăng ký theo học các chương trình đào tạo thạc sĩ bằng tiếng Việt phải đạt trình độ tiếng Việt tối thiểu nào, theo Khung năng lực nào?",Công dân nước ngoài phải đạt trình độ tiếng Việt từ Bậc 4 trở lên theo Khung năng lực tiếng Việt dùng cho người nước ngoài.
"Đối với chương trình đào tạo được dạy và học bằng tiếng nước ngoài, ứng viên cần có chứng chỉ ngoại ngữ đạt trình độ tương đương Bậc 4 trở lên còn hiệu lực tính đến ngày nào?",Ứng viên cần có văn bằng hoặc chứng chỉ đạt trình độ tương đương Bậc 4 trở lên còn hiệu lực tính đến ngày đăng ký dự tuyển.
"Việc tuyển sinh thạc sĩ được tổ chức bao nhiêu lần trong năm, và ai là người quyết định thời gian tổ chức?",Việc tuyển sinh được tổ chức một hoặc nhiều lần trong năm do cơ sở đào tạo quyết định.
"Cơ sở đào tạo có thể tổ chức tuyển sinh thạc sĩ trực tuyến không, và điều kiện để làm được điều này là gì?",Cơ sở đào tạo được tổ chức tuyển sinh trực tuyến khi đáp ứng những điều kiện bảo đảm chất lượng để kết quả đánh giá tin cậy và công bằng như đối với tuyển sinh trực tiếp.
Thông báo tuyển sinh thạc sĩ phải được công bố công khai trên trang thông tin điện tử của cơ sở đào tạo ít nhất bao nhiêu ngày trước ngày kết thúc nhận hồ sơ dự tuyển?,Thông báo tuyển sinh phải được công bố công khai ít nhất 45 ngày tính đến ngày kết thúc nhận hồ sơ dự tuyển.
Kể tên ba trong số các thông tin bắt buộc phải có trong thông báo tuyển sinh thạc sĩ được công bố công khai.,"Ba thông tin bắt buộc phải có là: a) Đối tượng và điều kiện dự tuyển ; b) Chỉ tiêu tuyển sinh theo chương trình đào tạo, hình thức đào tạo ; c) Mức học phí, mức thu dịch vụ tuyển sinh và khoản thu dịch vụ khác cho lộ trình từng năm học, cả khóa học."
"Ai là người ra quyết định công nhận học viên trúng tuyển thạc sĩ, và dựa trên cơ sở nào?",Cơ sở đào tạo ra quyết định công nhận học viên trúng tuyển khi đáp ứng đầy đủ yêu cầu đầu vào của chương trình đào tạo kèm theo các minh chứng.
"Hoạt động thực hành, thực tập, nghiên cứu ở ngoài trụ sở chính được phép chiếm tối đa bao nhiêu phần trăm (%) khối lượng chương trình đào tạo thạc sĩ?",Các hoạt động này không được vượt quá 20% khối lượng chương trình đào tạo.
"Về tổ chức đào tạo thạc sĩ trong trường hợp cần thiết phải xếp lịch học tập trung thời gian, số giờ giảng tối đa đối với mỗi học phần được quy định là bao nhiêu trong một tuần và trong một ngày?",Số giờ giảng đối với mỗi học phần không vượt quá 15 giờ trong một tuần và 04 giờ trong một ngày.
Về tổ chức đào tạo thạc sĩ Khối lượng tín chỉ đăng ký tối đa trong một năm học được quy định là bao nhiêu tín chỉ đối với hình thức chính quy và đối với hình thức vừa làm vừa học?,Tổng số tín chỉ đăng ký tối đa trong một năm học là không quá 45 tín chỉ đối với hình thức chính quy và không quá 30 tín chỉ đối với hình thức vừa làm vừa học.
Về tổ chức đào tạo thạc sĩ Khối lượng học tập các lớp học trực tuyến được tổ chức có giới hạn tối đa là bao nhiêu phần trăm (%) tổng khối lượng của chương trình đào tạo?,Khối lượng học tập không được vượt quá $30\%$ tổng khối lượng của chương trình đào tạo.
"Về tổ chức đào tạo thạc sĩ Hình thức đánh giá trực tuyến có thể đóng góp tối đa bao nhiêu phần trăm (%) trọng số điểm học phần, và có áp dụng đối với luận văn/học phần tốt nghiệp không?","Hình thức đánh giá trực tuyến đóng góp không quá 50% trọng số điểm học phần, trừ luận văn và học phần tốt nghiệp."
"Hướng dẫn Luận văn trong chương trình đào tạo thạc sĩ Học viên theo học chương trình định hướng nghiên cứu phải thực hiện đề tài nghiên cứu có khối lượng tín chỉ là bao nhiêu, và thời gian thực hiện luận văn tối thiểu là bao lâu?",Đề tài nghiên cứu phải có khối lượng từ 12 đến 15 tín chỉ. Học viên thực hiện luận văn trong thời gian ít nhất 06 tháng.
Nêu hai trong ba yêu cầu mà luận văn (báo cáo khoa học) cần đáp ứng liên quan đến đóng góp khoa học và đạo đức học thuật.,"Luận văn cần: a) Có đóng góp về lý luận, học thuật hoặc phát triển công nghệ, đổi mới sáng tạo ; và b) Tuân thủ quy định của cơ sở đào tạo về liêm chính học thuật và các quy định hiện hành của pháp luật về sở hữu trí tuệ."
"Hướng dẫn Luận văn trong chương trình đào tạo thạc sĩ  Tiêu chuẩn bắt buộc về trình độ chuyên môn của người hướng dẫn luận văn là gì, và họ cần có kết quả nghiên cứu khoa học liên quan đến đề tài trong thời gian bao lâu tính đến thời điểm được giao hướng dẫn?",Người hướng dẫn phải có trình độ tiến sĩ chuyên môn phù hợp với ngành đào tạo và đề tài luận văn. Họ cần có kết quả nghiên cứu khoa học liên quan đến đề tài luận văn trong thời gian 05 năm tính đến thời điểm được giao hướng dẫn
"Hướng dẫn Luận văn trong chương trình đào tạo thạc sĩ Trong hội đồng hướng dẫn, bắt buộc phải có ít nhất một người hướng dẫn thuộc đối tượng nào?",Bắt buộc phải có một người là giảng viên cơ hữu của cơ sở đào tạo.
"về Hướng dẫn Luận văn trong chương trình đào tạo thạc sĩ Tại một thời điểm, một người hướng dẫn độc lập được hướng dẫn tối đa bao nhiêu học viên (bao gồm cả học viên làm học phần tốt nghiệp chương trình định hướng ứng dụng)?",Một người hướng dẫn độc lập không quá 05 học viên (tính cả số học viên thực hiện học phần tốt nghiệp của chương trình định hướng ứng dụng).
"về đánh giá Luận văn trong chương trình đào tạo thạc sĩ Hội đồng đánh giá luận văn phải có tối thiểu bao nhiêu thành viên, và có những thành phần bắt buộc nào?","Hội đồng có ít nhất 05 thành viên , bao gồm chủ tịch, thư ký, 02 ủy viên phản biện và các ủy viên khác."
"Tiêu chuẩn của thành viên hội đồng phải đáp ứng tiêu chuẩn của người hướng dẫn, và Chủ tịch hội đồng phải thuộc đối tượng nào của cơ sở đào tạo?",Chủ tịch phải là giảng viên cơ hữu hoặc nghiên cứu viên cơ hữu của cơ sở đào tạo4. 
về đánh giá Luận văn trong chương trình đào tạo thạc sĩ Nêu hai trong số các điều kiện bắt buộc để học viên được bảo vệ luận văn.,"Hai điều kiện bắt buộc là: a) Đã hoàn thành tất cả các học phần của chương trình đào tạo 6; b) Đã nộp luận văn, được người hướng dẫn đồng ý cho bảo vệ7. "
về đánh giá Luận văn trong chương trình đào tạo thạc sĩ Luận văn được xếp loại đạt khi điểm đánh giá (trung bình cộng điểm chấm của các thành viên hội đồng) đạt từ mức nào trở lên?,"Luận văn được xếp loại đạt khi lớn hơn hoặc bằng 5,5 điểm 9(theo thang điểm 10 10). "
"về đánh giá Luận văn trong chương trình đào tạo thạc sĩ Nếu luận văn không đạt yêu cầu, học viên được chỉnh sửa và đánh giá lần thứ hai trong thời hạn bao lâu tính từ ngày họp hội đồng lần thứ nhất?",Học viên được đánh giá lần thứ hai trong thời hạn 03 tháng tính từ ngày họp hội đồng đánh giá lần thứ nhất12. 
"về thẩm định Luận văn trong chương trình đào tạo thạc sĩ Hội đồng thẩm định luận văn có thành phần và tiêu chuẩn như thế nào, và có giới hạn nào đối với các thành viên hội đồng đánh giá luận văn trước đó không?","Hội đồng thẩm định luận văn có thành phần, tiêu chuẩn như hội đồng đánh giá luận văn. Các thành viên hội đồng đánh giá luận văn không tham gia hội đồng thẩm định."
"Học viên theo học chương trình định hướng ứng dụng phải thực hiện học phần tốt nghiệp có khối lượng bao nhiêu tín chỉ, dưới những hình thức nào, và thời gian thực hiện đề án tối thiểu là bao lâu?","Học phần tốt nghiệp có khối lượng từ 6 đến 9 tín chỉ dưới hình thức đề án, đồ án hoặc dự án. Học viên thực hiện đề án trong thời gian ít nhất 03 tháng."
Nêu hai trong số các yêu cầu mà báo cáo đề án (thuộc chương trình định hướng ứng dụng) cần đáp ứng liên quan đến năng lực ứng dụng và đạo đức học thuật.,"Báo cáo đề án cần: a) Đề xuất và kiểm nghiệm được mô hình, giải pháp mới để giải quyết hiệu quả những thách thức trong thực tiễn; và c) Tuân thủ quy định của cơ sở đào tạo về liêm chính học thuật và các quy định hiện hành của pháp luật về sở hữu trí tuệ."
"Tại một thời điểm, một người hướng dẫn độc lập (đề án chương trình định hướng ứng dụng) được hướng dẫn tối đa bao nhiêu học viên, bao gồm cả học viên thực hiện luận văn của chương trình định hướng nghiên cứu?",Một người hướng dẫn độc lập không quá 05 học viên (tính cả số học viên thực hiện luận văn của chương trình định hướng nghiên cứu).
"Hội đồng đánh giá đề án phải có tối thiểu bao nhiêu thành viên, và cần có những thành phần bắt buộc nào phải có mặt để buổi bảo vệ được tổ chức?","Hội đồng đánh giá có ít nhất 03 thành viên, bao gồm chủ tịch, thư ký và ủy viên phản biện. Buổi bảo vệ chỉ tổ chức khi có mặt chủ tịch, thư ký và ủy viên phản biện."
"Trong trường hợp đề án không đạt yêu cầu, học viên được chỉnh sửa và đánh giá lần thứ hai trong thời hạn bao lâu tính từ ngày họp hội đồng lần thứ nhất, và có được tổ chức đánh giá lần thứ ba không?","Học viên được đánh giá lần thứ hai trong thời hạn 45 ngày tính từ ngày họp hội đồng đánh giá lần thứ nhất, và không tổ chức đánh giá đề án lần thứ ba."
"trong điều công nhận tốt nghiệp và cấp bằng thạc sĩ Nêu hai trong số các điều kiện bắt buộc để học viên được công nhận tốt nghiệp, bao gồm yêu cầu về kết quả học tập và tình trạng pháp lý.","Hai điều kiện bắt buộc là: a) Đã hoàn thành các học phần của chương trình đào tạo và bảo vệ luận văn, đề án đạt yêu cầu; c) Hoàn thành các trách nhiệm theo quy định của cơ sở đào tạo; không bị truy cứu trách nhiệm hình sự và không trong thời gian bị kỷ luật, đình chỉ học tập."
"trong điều công nhận tốt nghiệp và cấp bằng thạc sĩ Trình độ ngoại ngữ tối thiểu để học viên được công nhận tốt nghiệp là gì, và theo Khung năng lực nào?","Học viên phải có trình độ ngoại ngữ đạt yêu cầu theo chuẩn đầu ra của chương trình đào tạo, tương đương Bậc 4 theo Khung năng lực ngoại ngữ 6 bậc dùng cho Việt Nam."
"trong điều công nhận tốt nghiệp và cấp bằng thạc sĩ Cơ sở đào tạo tổ chức xét và ra quyết định công nhận tốt nghiệp trong thời hạn bao lâu tính từ ngày học viên bảo vệ thành công luận văn, đề án?","Trong thời hạn 02 tháng tính từ ngày học viên bảo vệ thành công luận văn, đề án."
"trong điều công nhận tốt nghiệp và cấp bằng thạc sĩ Trong trường hợp phải tổ chức thẩm định luận văn, đề án, thời hạn ra quyết định công nhận tốt nghiệp có thể tối đa thêm bao lâu?","Thời hạn ra quyết định công nhận tốt nghiệp có thể tối đa thêm 03 tháng trong trường hợp phải tổ chức thẩm định luận văn, đề án."
Phụ lục văn bằng thạc sĩ phải ghi rõ nội dung gì theo quy định của Bộ Giáo dục và Đào tạo?,Phụ lục văn bằng phải ghi rõ chương trình định hướng nghiên cứu hoặc định hướng ứng dụng.
Nêu hai trong số các trường hợp bất khả kháng mà học viên được phép nghỉ học tạm thời và bảo lưu kết quả đã học.,"Hai trường hợp là: a) Được điều động vào lực lượng vũ trang; c) Bị ốm, thai sản hoặc tai nạn phải điều trị thời gian dài, nhưng phải có giấy xác nhận của cơ sở khám, chữa bệnh có thẩm quyền."
"Đối với trường hợp nghỉ học tạm thời vì lý do cá nhân khác, học viên phải đáp ứng điều kiện gì về thời gian học tập tại cơ sở đào tạo, và thời gian nghỉ này có được tính vào thời gian tối đa để hoàn thành khóa học không?",Học viên phải hoàn thành ít nhất một học kỳ ở cơ sở đào tạo và thời gian nghỉ học tạm thời này phải được tính vào thời gian tối đa để hoàn thành khóa học.
"Nêu hai trong số các yêu cầu bắt buộc mà học viên phải đáp ứng để được xét chuyển cơ sở đào tạo, chuyển nơi học và chuyển chương trình đào tạo.",Hai yêu cầu bắt buộc là: a) Đạt điều kiện trúng tuyển của chương trình đào tạo xin chuyển đến và cơ sở đào tạo xin chuyển đến chưa vượt quá năng lực đào tạo; d) Còn đủ thời gian để hoàn thành chương trình đào tạo theo quy định tại khoản 2 Điều 3 Quy chế này và không đang trong thời gian bị kỷ luật từ cảnh cáo trở lên.
"Đối với trường hợp chuyển cơ sở đào tạo, học viên cần có sự đồng ý của những bên nào?",Học viên cần được sự đồng ý của hiệu trưởng cơ sở đào tạo xin chuyển đi và cơ sở đào tạo xin chuyển đến.
Cơ sở đào tạo ở nước ngoài được xem là cơ sở đào tạo phối hợp khi đáp ứng yêu cầu nào về chất lượng và cấp bằng?,"Cơ sở đào tạo ở nước ngoài phải là cơ sở giáo dục đại học, được cơ quan có thẩm quyền về giáo dục nước sở tại công nhận về chất lượng, cho phép đào tạo và cấp bằng thạc sĩ trong nhóm ngành tương ứng."
"Theo nguyên tắc thực hiện trao đổi học viên, số lượng tín chỉ được công nhận khi học viên theo học tại cơ sở đào tạo phối hợp có giới hạn tối đa là bao nhiêu phần trăm (%) tổng số tín chỉ của chương trình đào tạo đang theo học?",Số lượng tín chỉ được công nhận không quá $25\%$ tổng số tín chỉ của chương trình đào tạo học viên đang theo học. 2
Học viên thi hộ hoặc nhờ người thi hộ sẽ bị xử lý kỷ luật ở mức nào đối với lần vi phạm thứ nhất và đối với lần vi phạm thứ hai?,Học viên sẽ bị kỷ luật ở mức đình chỉ học tập 01 năm đối với trường hợp vi phạm lần thứ nhất và buộc thôi học đối với trường hợp vi phạm lần thứ hai.
"Nêu hai trong số các hành vi vi phạm mà nếu mắc phải, học viên sẽ bị buộc thôi học và bằng thạc sĩ (nếu đã cấp) sẽ bị thu hồi theo Khoản 3 Điều 16.","Hai hành vi vi phạm là: a) Có hành vi gian lận trong tuyển sinh, học tập, bảo vệ luận văn, đề án hoặc gian lận trong hồ sơ cấp văn bằng; b) Nhờ hoặc thuê người khác làm hộ luận văn, đề án."
"Cơ sở đào tạo có trách nhiệm cụ thể nào liên quan đến việc bảo đảm liêm chính học thuật đối với luận văn, đề án và chuyên đề nghiên cứu khác?","Cơ sở đào tạo có trách nhiệm tăng cường liêm chính học thuật, giám sát và kiểm soát việc chống sao chép, xây dựng chế tài, nghiêm túc xử lý khi có vi phạm."
Nêu hai trong số các hoạt động mà cơ sở đào tạo phải tổ chức thực hiện để phổ biến quy chế và đảm bảo chất lượng.,"Hai hoạt động là: a) Phổ biến, hướng dẫn cho ứng viên dự tuyển các quy định liên quan đến chính sách tuyển sinh; b) Kiểm tra, thanh tra việc thực hiện kế hoạch, chương trình, quy chế của cơ sở đào tạo và chịu sự kiểm tra, thanh tra, giám sát của Bộ Giáo dục và Đào tạo."
"Cơ sở đào tạo có trách nhiệm cập nhật dữ liệu về đào tạo thạc sĩ vào hệ thống cơ sở dữ liệu quốc gia về giáo dục đại học, và gửi báo cáo về Bộ Giáo dục và Đào tạo trước ngày nào hằng năm?","Cơ sở đào tạo phải cập nhật đầy đủ, chính xác dữ liệu về đào tạo thạc sĩ vào hệ thống cơ sở dữ liệu quốc gia về giáo dục đại học; và gửi báo cáo về Bộ Giáo dục và Đào tạo trước ngày 31 tháng 12 hằng năm."
Nêu hai loại thông tin mà cơ sở đào tạo phải thường xuyên cập nhật công khai (theo Khoản 5).,"Hai loại thông tin là: a) Thống kê số lượng học viên trúng tuyển, đang học, thôi học và tốt nghiệp theo từng khóa, từng ngành, chương trình đào tạo và hình thức đào tạo; b) Kế hoạch giảng dạy, thời khóa biểu của từng lớp học; tên đề tài và tóm tắt nội dung các luận văn, đề án."
